{
  "variants": {
    "layers=1": {
      "model": "iceandfire:silverpile_height2"
    },
    "layers=2": {
      "model": "iceandfire:silverpile_height4"
    },
    "layers=3": {
      "model": "iceandfire:silverpile_height6"
    },
    "layers=4": {
      "model": "iceandfire:silverpile_height8"
    },
    "layers=5": {
      "model": "iceandfire:silverpile_height10"
    },
    "layers=6": {
      "model": "iceandfire:silverpile_height12"
    },
    "layers=7": {
      "model": "iceandfire:silverpile_height14"
    },
    "layers=8": {
      "model": "iceandfire:silverpile_height16"
    }
  }
}
